ano;idRegiaoBrasil;nomeRegiao;idCursos;nomeCurso;classes;idadeMedia;matriculas;evasao;
2008;1;Norte;xx003;Ensino Fundamental 2§ Ano;31100;8310;502410;-365883;
2008;2;Nordeste;xx003;Ensino Fundamental 2§ Ano;86602;8228;1282402;-677789;
2008;3;Centro-Oeste;xx003;Ensino Fundamental 2§ Ano;12376;8060;245293;-72215;
2008;4;Sudeste;xx003;Ensino Fundamental 2§ Ano;63046;7658;1341619;-549290;
2008;5;Sul;xx003;Ensino Fundamental 2§ Ano;21017;7649;377779;-119348;
2008;1;Norte;xx004;Ensino Fundamental 3§ Ano;30619;9309;469731;80198;
2008;2;Nordeste;xx004;Ensino Fundamental 3§ Ano;85960;9270;1284305;128307;
2008;3;Centro-Oeste;xx004;Ensino Fundamental 3§ Ano;12256;9072;253741;-1628;
2008;4;Sudeste;xx004;Ensino Fundamental 3§ Ano;65546;8808;1458798;-68871;
2008;5;Sul;xx004;Ensino Fundamental 3§ Ano;21793;8502;432591;8598;
2008;1;Norte;xx005;Ensino Fundamental 4§ Ano;28720;10268;431082;55294;
2008;2;Nordeste;xx005;Ensino Fundamental 4§ Ano;82428;10232;1263032;69657;
2008;3;Centro-Oeste;xx005;Ensino Fundamental 4§ Ano;12366;10091;268160;12102;
2008;4;Sudeste;xx005;Ensino Fundamental 4§ Ano;61925;9752;1414203;75810;
2008;5;Sul;xx005;Ensino Fundamental 4§ Ano;24895;9552;507928;29236;
2008;1;Norte;xx006;Ensino Fundamental 5§ Ano;26299;11254;399146;29606;
2008;2;Nordeste;xx006;Ensino Fundamental 5§ Ano;76412;11230;1206187;65046;
2008;3;Centro-Oeste;xx006;Ensino Fundamental 5§ Ano;11855;11109;263054;11358;
2008;4;Sudeste;xx006;Ensino Fundamental 5§ Ano;61604;10912;1463062;-53439;
2008;5;Sul;xx006;Ensino Fundamental 5§ Ano;23745;10641;489249;5989;
2008;1;Norte;xx007;Ensino Fundamental 6§ Ano;14670;12791;417325;-11135;
2008;2;Nordeste;xx007;Ensino Fundamental 6§ Ano;46758;12774;1393508;-188518;
2008;3;Centro-Oeste;xx007;Ensino Fundamental 6§ Ano;11264;12523;299043;-36243;
2008;4;Sudeste;xx007;Ensino Fundamental 6§ Ano;50984;12081;1555261;-71175;
2008;5;Sul;xx007;Ensino Fundamental 6§ Ano;21382;11982;566628;-61310;
2008;1;Norte;xx008;Ensino Fundamental 7§ Ano;12594;13492;347466;73100;
2008;2;Nordeste;xx008;Ensino Fundamental 7§ Ano;39866;13522;1152628;280144;
2008;3;Centro-Oeste;xx008;Ensino Fundamental 7§ Ano;10438;13410;281126;40942;
2008;4;Sudeste;xx008;Ensino Fundamental 7§ Ano;46735;13026;1444030;106696;
2008;5;Sul;xx008;Ensino Fundamental 7§ Ano;19883;12970;535482;45795;
2008;1;Norte;xx009;Ensino Fundamental 8§ Ano;10818;14402;287141;63403;
2008;2;Nordeste;xx009;Ensino Fundamental 8§ Ano;34487;14402;966586;192738;
2008;3;Centro-Oeste;xx009;Ensino Fundamental 8§ Ano;9637;14363;254150;31523;
2008;4;Sudeste;xx009;Ensino Fundamental 8§ Ano;44669;13980;1369849;84570;
2008;5;Sul;xx009;Ensino Fundamental 8§ Ano;18243;13904;488207;55305;
2008;1;Norte;xx010;Ensino Fundamental 9§ Ano;9656;15335;256356;24253;
2008;2;Nordeste;xx010;Ensino Fundamental 9§ Ano;31327;15354;869133;96712;
2008;3;Centro-Oeste;xx010;Ensino Fundamental 9§ Ano;8723;15372;229331;24822;
2008;4;Sudeste;xx010;Ensino Fundamental 9§ Ano;42741;15012;1325654;-4986;
2008;5;Sul;xx010;Ensino Fundamental 9§ Ano;16414;14827;427357;48525;
2008;1;Norte;xx011;Ensino M‚dio - 1¦ S‚rie;8534;18081;289320;-46154;
2008;2;Nordeste;xx011;Ensino M‚dio - 1¦ S‚rie;26980;18193;1005133;-166200;
2008;3;Centro-Oeste;xx011;Ensino M‚dio - 1¦ S‚rie;7547;17042;240452;-4617;
2008;4;Sudeste;xx011;Ensino M‚dio - 1¦ S‚rie;38404;16785;1354217;-58826;
2008;5;Sul;xx011;Ensino M‚dio - 1¦ S‚rie;14241;16526;456335;-37961;
2008;1;Norte;xx012;Ensino M‚dio - 2¦ S‚rie;6918;18398;221936;80020;
2008;2;Nordeste;xx012;Ensino M‚dio - 2¦ S‚rie;21487;18115;767168;265114;
2008;3;Centro-Oeste;xx012;Ensino M‚dio - 2¦ S‚rie;6090;17896;186267;66615;
2008;4;Sudeste;xx012;Ensino M‚dio - 2¦ S‚rie;32020;17681;1069361;280980;
2008;5;Sul;xx012;Ensino M‚dio - 2¦ S‚rie;11330;17279;338249;123697;
2008;1;Norte;xx013;Ensino M‚dio - 3¦ S‚rie;5757;19561;189790;37105;
2008;2;Nordeste;xx013;Ensino M‚dio - 3¦ S‚rie;18974;19069;671209;103853;
2008;3;Centro-Oeste;xx013;Ensino M‚dio - 3¦ S‚rie;5314;18976;163676;31653;
2008;4;Sudeste;xx013;Ensino M‚dio - 3¦ S‚rie;27478;18681;904297;159870;
2008;5;Sul;xx013;Ensino M‚dio - 3¦ S‚rie;9775;18241;292066;52490;
2008;1;Norte;xx014;Ensino M‚dio - 4¦ S‚rie;15;19941;337;192181;
2008;2;Nordeste;xx014;Ensino M‚dio - 4¦ S‚rie;841;20518;25093;632817;
2008;3;Centro-Oeste;xx014;Ensino M‚dio - 4¦ S‚rie;6;20541;122;161774;
2008;4;Sudeste;xx014;Ensino M‚dio - 4¦ S‚rie;347;21795;10784;887301;
2008;5;Sul;xx014;Ensino M‚dio - 4¦ S‚rie;476;23576;10441;278856;
2009;1;Norte;xx003;Ensino Fundamental 2§ Ano;29596;8422;461957;-274222;
2009;2;Nordeste;xx003;Ensino Fundamental 2§ Ano;82354;8271;1171972;-488065;
2009;3;Centro-Oeste;xx003;Ensino Fundamental 2§ Ano;12766;8037;256350;-33617;
2009;4;Sudeste;xx003;Ensino Fundamental 2§ Ano;60183;7614;1256512;-462836;
2009;5;Sul;xx003;Ensino Fundamental 2§ Ano;23403;7718;435361;-56745;
2009;1;Norte;xx004;Ensino Fundamental 3§ Ano;29734;9578;445613;56797;
2009;2;Nordeste;xx004;Ensino Fundamental 3§ Ano;83868;9407;1236191;46211;
2009;3;Centro-Oeste;xx004;Ensino Fundamental 3§ Ano;12232;9121;248559;-3266;
2009;4;Sudeste;xx004;Ensino Fundamental 3§ Ano;62983;8777;1394083;-52464;
2009;5;Sul;xx004;Ensino Fundamental 3§ Ano;20750;8769;382424;-4645;
2009;1;Norte;xx005;Ensino Fundamental 4§ Ano;28102;10549;417717;52014;
2009;2;Nordeste;xx005;Ensino Fundamental 4§ Ano;79316;10425;1194975;89330;
2009;3;Centro-Oeste;xx005;Ensino Fundamental 4§ Ano;11823;10168;246191;7550;
2009;4;Sudeste;xx005;Ensino Fundamental 4§ Ano;61678;9784;1383466;75332;
2009;5;Sul;xx005;Ensino Fundamental 4§ Ano;20613;9584;418714;13877;
2009;1;Norte;xx006;Ensino Fundamental 5§ Ano;26275;11464;404873;26209;
2009;2;Nordeste;xx006;Ensino Fundamental 5§ Ano;75232;11383;1200078;62954;
2009;3;Centro-Oeste;xx006;Ensino Fundamental 5§ Ano;11780;11090;259996;8164;
2009;4;Sudeste;xx006;Ensino Fundamental 5§ Ano;61049;10823;1446829;-32626;
2009;5;Sul;xx006;Ensino Fundamental 5§ Ano;24057;10601;505126;2802;
2009;1;Norte;xx007;Ensino Fundamental 6§ Ano;15247;12920;419906;-20760;
2009;2;Nordeste;xx007;Ensino Fundamental 6§ Ano;46914;12880;1379008;-172821;
2009;3;Centro-Oeste;xx007;Ensino Fundamental 6§ Ano;11132;12440;295523;-32469;
2009;4;Sudeste;xx007;Ensino Fundamental 6§ Ano;51920;12116;1549178;-86116;
2009;5;Sul;xx007;Ensino Fundamental 6§ Ano;21322;11991;555582;-66333;
2009;1;Norte;xx008;Ensino Fundamental 7§ Ano;13141;13723;352473;64852;
2009;2;Nordeste;xx008;Ensino Fundamental 7§ Ano;39815;13737;1133941;259567;
2009;3;Centro-Oeste;xx008;Ensino Fundamental 7§ Ano;10122;13338;270754;28289;
2009;4;Sudeste;xx008;Ensino Fundamental 7§ Ano;46508;12942;1415559;139702;
2009;5;Sul;xx008;Ensino Fundamental 7§ Ano;19856;12971;531148;35480;
2009;1;Norte;xx009;Ensino Fundamental 8§ Ano;11091;14541;288639;58827;
2009;2;Nordeste;xx009;Ensino Fundamental 8§ Ano;34624;14529;955325;197303;
2009;3;Centro-Oeste;xx009;Ensino Fundamental 8§ Ano;9574;14242;249653;31473;
2009;4;Sudeste;xx009;Ensino Fundamental 8§ Ano;45926;13979;1374190;69840;
2009;5;Sul;xx009;Ensino Fundamental 8§ Ano;18437;13915;486254;49228;
2009;1;Norte;xx010;Ensino Fundamental 9§ Ano;10339;15408;268067;19074;
2009;2;Nordeste;xx010;Ensino Fundamental 9§ Ano;32596;15401;884421;82165;
2009;3;Centro-Oeste;xx010;Ensino Fundamental 9§ Ano;8930;15195;235586;18564;
2009;4;Sudeste;xx010;Ensino Fundamental 9§ Ano;43348;14900;1326588;43261;
2009;5;Sul;xx010;Ensino Fundamental 9§ Ano;16968;14801;438115;50092;
2009;1;Norte;xx011;Ensino M‚dio - 1¦ S‚rie;8696;18072;292412;-36056;
2009;2;Nordeste;xx011;Ensino M‚dio - 1¦ S‚rie;27096;18305;994251;-125118;
2009;3;Centro-Oeste;xx011;Ensino M‚dio - 1¦ S‚rie;7799;17043;254958;-25627;
2009;4;Sudeste;xx011;Ensino M‚dio - 1¦ S‚rie;38578;16640;1350623;-24969;
2009;5;Sul;xx011;Ensino M‚dio - 1¦ S‚rie;14430;16413;455548;-28191;
2009;1;Norte;xx012;Ensino M‚dio - 2¦ S‚rie;7007;18989;222518;66802;
2009;2;Nordeste;xx012;Ensino M‚dio - 2¦ S‚rie;21280;18740;738843;266290;
2009;3;Centro-Oeste;xx012;Ensino M‚dio - 2¦ S‚rie;6143;17824;186061;54391;
2009;4;Sudeste;xx012;Ensino M‚dio - 2¦ S‚rie;31777;17499;1046068;308149;
2009;5;Sul;xx012;Ensino M‚dio - 2¦ S‚rie;11406;17187;333614;122721;
2009;1;Norte;xx013;Ensino M‚dio - 3¦ S‚rie;6019;20048;194188;27748;
2009;2;Nordeste;xx013;Ensino M‚dio - 3¦ S‚rie;19374;19613;664233;102935;
2009;3;Centro-Oeste;xx013;Ensino M‚dio - 3¦ S‚rie;5275;18909;159030;27237;
2009;4;Sudeste;xx013;Ensino M‚dio - 3¦ S‚rie;27434;18512;889299;180062;
2009;5;Sul;xx013;Ensino M‚dio - 3¦ S‚rie;9904;18200;284169;54080;
2009;1;Norte;xx014;Ensino M‚dio - 4¦ S‚rie;6;19245;143;189647;
2009;2;Nordeste;xx014;Ensino M‚dio - 4¦ S‚rie;842;21649;24127;647082;
2009;3;Centro-Oeste;xx014;Ensino M‚dio - 4¦ S‚rie;22;30965;715;162961;
2009;4;Sudeste;xx014;Ensino M‚dio - 4¦ S‚rie;355;22816;10849;893448;
2009;5;Sul;xx014;Ensino M‚dio - 4¦ S‚rie;477;23067;10307;281759;
2010;1;Norte;xx003;Ensino Fundamental 2§ Ano;28349;8400;410138;-175945;
2010;2;Nordeste;xx003;Ensino Fundamental 2§ Ano;77222;8196;1029482;-279136;
2010;3;Centro-Oeste;xx003;Ensino Fundamental 2§ Ano;12747;7887;255577;-30533;
2010;4;Sudeste;xx003;Ensino Fundamental 2§ Ano;54347;7625;1078111;-147219;
2010;5;Sul;xx003;Ensino Fundamental 2§ Ano;23379;7735;442862;-54706;
2010;1;Norte;xx004;Ensino Fundamental 3§ Ano;29054;9670;428080;33877;
2010;2;Nordeste;xx004;Ensino Fundamental 3§ Ano;82358;9451;1167290;4682;
2010;3;Centro-Oeste;xx004;Ensino Fundamental 3§ Ano;12525;9027;255696;654;
2010;4;Sudeste;xx004;Ensino Fundamental 3§ Ano;60863;8697;1313511;-56999;
2010;5;Sul;xx004;Ensino Fundamental 3§ Ano;22350;8820;424452;10909;
2010;1;Norte;xx005;Ensino Fundamental 4§ Ano;27931;10739;402184;43429;
2010;2;Nordeste;xx005;Ensino Fundamental 4§ Ano;79320;10495;1140848;95343;
2010;3;Centro-Oeste;xx005;Ensino Fundamental 4§ Ano;11603;10101;238491;10068;
2010;4;Sudeste;xx005;Ensino Fundamental 4§ Ano;60112;9744;1328991;65092;
2010;5;Sul;xx005;Ensino Fundamental 4§ Ano;20005;9857;378846;3578;
2010;1;Norte;xx006;Ensino Fundamental 5§ Ano;25799;11669;388837;28880;
2010;2;Nordeste;xx006;Ensino Fundamental 5§ Ano;73641;11518;1131774;63201;
2010;3;Centro-Oeste;xx006;Ensino Fundamental 5§ Ano;11165;11061;239627;6564;
2010;4;Sudeste;xx006;Ensino Fundamental 5§ Ano;60732;10768;1405628;-22162;
2010;5;Sul;xx006;Ensino Fundamental 5§ Ano;19683;10640;412092;6622;
2010;1;Norte;xx007;Ensino Fundamental 6§ Ano;15705;12966;420864;-15991;
2010;2;Nordeste;xx007;Ensino Fundamental 6§ Ano;47154;12930;1335182;-135104;
2010;3;Centro-Oeste;xx007;Ensino Fundamental 6§ Ano;11111;12410;290791;-30795;
2010;4;Sudeste;xx007;Ensino Fundamental 6§ Ano;52167;12011;1539259;-92430;
2010;5;Sul;xx007;Ensino Fundamental 6§ Ano;21499;11896;564269;-59143;
2010;1;Norte;xx008;Ensino Fundamental 7§ Ano;13613;13823;355534;64372;
2010;2;Nordeste;xx008;Ensino Fundamental 7§ Ano;40451;13794;1119705;259303;
2010;3;Centro-Oeste;xx008;Ensino Fundamental 7§ Ano;10338;13353;273700;21823;
2010;4;Sudeste;xx008;Ensino Fundamental 7§ Ano;47302;12913;1407098;142080;
2010;5;Sul;xx008;Ensino Fundamental 7§ Ano;19817;12952;519124;36458;
2010;1;Norte;xx009;Ensino Fundamental 8§ Ano;11718;14648;295597;56876;
2010;2;Nordeste;xx009;Ensino Fundamental 8§ Ano;34751;14604;932728;201213;
2010;3;Centro-Oeste;xx009;Ensino Fundamental 8§ Ano;9502;14275;249209;21545;
2010;4;Sudeste;xx009;Ensino Fundamental 8§ Ano;46412;13926;1375188;40371;
2010;5;Sul;xx009;Ensino Fundamental 8§ Ano;18468;13876;480339;50809;
2010;1;Norte;xx010;Ensino Fundamental 9§ Ano;10510;15489;266803;21836;
2010;2;Nordeste;xx010;Ensino Fundamental 9§ Ano;32065;15479;849871;105454;
2010;3;Centro-Oeste;xx010;Ensino Fundamental 9§ Ano;8931;15186;234930;14723;
2010;4;Sudeste;xx010;Ensino Fundamental 9§ Ano;43516;14843;1305133;69057;
2010;5;Sul;xx010;Ensino Fundamental 9§ Ano;17004;14781;434309;51945;
2010;1;Norte;xx011;Ensino M‚dio - 1¦ S‚rie;9153;18067;300851;-32784;
2010;2;Nordeste;xx011;Ensino M‚dio - 1¦ S‚rie;27035;18146;951464;-67043;
2010;3;Centro-Oeste;xx011;Ensino M‚dio - 1¦ S‚rie;8130;16898;261622;-26036;
2010;4;Sudeste;xx011;Ensino M‚dio - 1¦ S‚rie;40190;16512;1405489;-78901;
2010;5;Sul;xx011;Ensino M‚dio - 1¦ S‚rie;14823;16335;457066;-18951;
2010;1;Norte;xx012;Ensino M‚dio - 2¦ S‚rie;7255;18992;225721;66691;
2010;2;Nordeste;xx012;Ensino M‚dio - 2¦ S‚rie;21275;18740;715194;279057;
2010;3;Centro-Oeste;xx012;Ensino M‚dio - 2¦ S‚rie;6241;17780;187197;67761;
2010;4;Sudeste;xx012;Ensino M‚dio - 2¦ S‚rie;32394;17385;1055980;294643;
2010;5;Sul;xx012;Ensino M‚dio - 2¦ S‚rie;11637;17083;333436;122112;
2010;1;Norte;xx013;Ensino M‚dio - 3¦ S‚rie;6214;20199;195410;27108;
2010;2;Nordeste;xx013;Ensino M‚dio - 3¦ S‚rie;19334;20023;636262;102581;
2010;3;Centro-Oeste;xx013;Ensino M‚dio - 3¦ S‚rie;5359;18800;158708;27353;
2010;4;Sudeste;xx013;Ensino M‚dio - 3¦ S‚rie;27803;18392;890515;155553;
2010;5;Sul;xx013;Ensino M‚dio - 3¦ S‚rie;10019;18111;279173;54441;
2010;1;Norte;xx014;Ensino M‚dio - 4¦ S‚rie;7;19469;128;194060;
2010;2;Nordeste;xx014;Ensino M‚dio - 4¦ S‚rie;761;22676;20511;643722;
2010;3;Centro-Oeste;xx014;Ensino M‚dio - 4¦ S‚rie;26;34235;808;158222;
2010;4;Sudeste;xx014;Ensino M‚dio - 4¦ S‚rie;462;24535;14079;875220;
2010;5;Sul;xx014;Ensino M‚dio - 4¦ S‚rie;507;23479;10455;273714;
2011;1;Norte;xx003;Ensino Fundamental 2§ Ano;28205;8286;394421;-78610;
2011;2;Nordeste;xx003;Ensino Fundamental 2§ Ano;74443;8081;998537;-141408;
2011;3;Centro-Oeste;xx003;Ensino Fundamental 2§ Ano;12609;7840;255020;-31916;
2011;4;Sudeste;xx003;Ensino Fundamental 2§ Ano;57332;7667;1167944;-73732;
2011;5;Sul;xx003;Ensino Fundamental 2§ Ano;23352;7702;440208;-47273;
2011;1;Norte;xx004;Ensino Fundamental 3§ Ano;28620;9641;418436;-8298;
2011;2;Nordeste;xx004;Ensino Fundamental 3§ Ano;76816;9388;1097727;-68245;
2011;3;Centro-Oeste;xx004;Ensino Fundamental 3§ Ano;12396;8989;257292;-1715;
2011;4;Sudeste;xx004;Ensino Fundamental 3§ Ano;55578;8749;1144468;-66357;
2011;5;Sul;xx004;Ensino Fundamental 3§ Ano;22648;8840;435280;7582;
2011;1;Norte;xx005;Ensino Fundamental 4§ Ano;26988;10758;395623;32457;
2011;2;Nordeste;xx005;Ensino Fundamental 4§ Ano;75052;10465;1095991;71299;
2011;3;Centro-Oeste;xx005;Ensino Fundamental 4§ Ano;11607;10071;246751;8945;
2011;4;Sudeste;xx005;Ensino Fundamental 4§ Ano;58387;9720;1261595;51916;
2011;5;Sul;xx005;Ensino Fundamental 4§ Ano;21454;9873;409392;15060;
2011;1;Norte;xx006;Ensino Fundamental 5§ Ano;25535;11725;380817;21367;
2011;2;Nordeste;xx006;Ensino Fundamental 5§ Ano;70897;11497;1101688;39160;
2011;3;Centro-Oeste;xx006;Ensino Fundamental 5§ Ano;10947;11166;234444;4047;
2011;4;Sudeste;xx006;Ensino Fundamental 5§ Ano;59680;10764;1352907;-23916;
2011;5;Sul;xx006;Ensino Fundamental 5§ Ano;19477;10911;382550;-3704;
2011;1;Norte;xx007;Ensino Fundamental 6§ Ano;15928;12961;413335;-24498;
2011;2;Nordeste;xx007;Ensino Fundamental 6§ Ano;45676;12865;1277212;-145438;
2011;3;Centro-Oeste;xx007;Ensino Fundamental 6§ Ano;10491;12375;268666;-29039;
2011;4;Sudeste;xx007;Ensino Fundamental 6§ Ano;51695;11979;1494568;-88940;
2011;5;Sul;xx007;Ensino Fundamental 6§ Ano;18072;11914;457174;-45082;
2011;1;Norte;xx008;Ensino Fundamental 7§ Ano;14233;13778;365991;54873;
2011;2;Nordeste;xx008;Ensino Fundamental 7§ Ano;40220;13692;1107063;228119;
2011;3;Centro-Oeste;xx008;Ensino Fundamental 7§ Ano;10158;13250;270130;20661;
2011;4;Sudeste;xx008;Ensino Fundamental 7§ Ano;48949;12877;1433600;105659;
2011;5;Sul;xx008;Ensino Fundamental 7§ Ano;20782;12869;539247;25022;
2011;1;Norte;xx009;Ensino Fundamental 8§ Ano;12122;14628;299739;55795;
2011;2;Nordeste;xx009;Ensino Fundamental 8§ Ano;34936;14517;931852;187853;
2011;3;Centro-Oeste;xx009;Ensino Fundamental 8§ Ano;9620;14252;250916;22784;
2011;4;Sudeste;xx009;Ensino Fundamental 8§ Ano;46312;13904;1354820;52278;
2011;5;Sul;xx009;Ensino Fundamental 8§ Ano;18671;13851;468447;50677;
2011;1;Norte;xx010;Ensino Fundamental 9§ Ano;10700;15587;268511;27086;
2011;2;Nordeste;xx010;Ensino Fundamental 9§ Ano;32152;15520;846734;85994;
2011;3;Centro-Oeste;xx010;Ensino Fundamental 9§ Ano;8870;15150;232937;16272;
2011;4;Sudeste;xx010;Ensino Fundamental 9§ Ano;43541;14788;1289853;85335;
2011;5;Sul;xx010;Ensino Fundamental 9§ Ano;17228;14765;427075;53264;
2011;1;Norte;xx011;Ensino M‚dio - 1¦ S‚rie;9298;17853;301781;-34978;
2011;2;Nordeste;xx011;Ensino M‚dio - 1¦ S‚rie;25918;17728;912800;-62929;
2011;3;Centro-Oeste;xx011;Ensino M‚dio - 1¦ S‚rie;8318;16689;259557;-24627;
2011;4;Sudeste;xx011;Ensino M‚dio - 1¦ S‚rie;40397;16333;1394345;-89212;
2011;5;Sul;xx011;Ensino M‚dio - 1¦ S‚rie;15394;16265;450163;-15854;
2011;1;Norte;xx012;Ensino M‚dio - 2¦ S‚rie;7601;18804;233882;66969;
2011;2;Nordeste;xx012;Ensino M‚dio - 2¦ S‚rie;21545;18502;717069;234395;
2011;3;Centro-Oeste;xx012;Ensino M‚dio - 2¦ S‚rie;6407;17553;189898;71724;
2011;4;Sudeste;xx012;Ensino M‚dio - 2¦ S‚rie;33603;17190;1086297;319192;
2011;5;Sul;xx012;Ensino M‚dio - 2¦ S‚rie;12285;17035;335691;121375;
2011;1;Norte;xx013;Ensino M‚dio - 3¦ S‚rie;6423;20034;198414;27307;
2011;2;Nordeste;xx013;Ensino M‚dio - 3¦ S‚rie;19545;19933;639295;75899;
2011;3;Centro-Oeste;xx013;Ensino M‚dio - 3¦ S‚rie;5357;18651;156250;30947;
2011;4;Sudeste;xx013;Ensino M‚dio - 3¦ S‚rie;28272;18200;891468;164512;
2011;5;Sul;xx013;Ensino M‚dio - 3¦ S‚rie;10361;18012;276482;56954;
2011;1;Norte;xx014;Ensino M‚dio - 4¦ S‚rie;19;22088;294;195116;
2011;2;Nordeste;xx014;Ensino M‚dio - 4¦ S‚rie;569;22906;14573;621689;
2011;3;Centro-Oeste;xx014;Ensino M‚dio - 4¦ S‚rie;42;32572;1304;157404;
2011;4;Sudeste;xx014;Ensino M‚dio - 4¦ S‚rie;935;27642;29011;861504;
2011;5;Sul;xx014;Ensino M‚dio - 4¦ S‚rie;463;23022;9154;270019;
2012;1;Norte;xx003;Ensino Fundamental 2§ Ano;27421;8162;375214;-55819;
2012;2;Nordeste;xx003;Ensino Fundamental 2§ Ano;72246;7998;955711;-95623;
2012;3;Centro-Oeste;xx003;Ensino Fundamental 2§ Ano;12286;7793;243129;-24210;
2012;4;Sudeste;xx003;Ensino Fundamental 2§ Ano;56793;7708;1146009;-35763;
2012;5;Sul;xx003;Ensino Fundamental 2§ Ano;22411;7665;416629;-35598;
2012;1;Norte;xx004;Ensino Fundamental 3§ Ano;28510;9510;416059;-21638;
2012;2;Nordeste;xx004;Ensino Fundamental 3§ Ano;76207;9306;1093344;-94807;
2012;3;Centro-Oeste;xx004;Ensino Fundamental 3§ Ano;12537;8944;260603;-5583;
2012;4;Sudeste;xx004;Ensino Fundamental 3§ Ano;58381;8783;1225777;-57833;
2012;5;Sul;xx004;Ensino Fundamental 3§ Ano;22914;8809;442800;-2592;
2012;1;Norte;xx005;Ensino Fundamental 4§ Ano;26994;10726;390496;27940;
2012;2;Nordeste;xx005;Ensino Fundamental 4§ Ano;71902;10440;1039756;57971;
2012;3;Centro-Oeste;xx005;Ensino Fundamental 4§ Ano;11787;10023;249465;7827;
2012;4;Sudeste;xx005;Ensino Fundamental 4§ Ano;53183;9785;1101947;42521;
2012;5;Sul;xx005;Ensino Fundamental 4§ Ano;21700;9890;419506;15774;
2012;1;Norte;xx006;Ensino Fundamental 5§ Ano;24944;11744;377297;18326;
2012;2;Nordeste;xx006;Ensino Fundamental 5§ Ano;69249;11479;1072667;23324;
2012;3;Centro-Oeste;xx006;Ensino Fundamental 5§ Ano;11164;11086;241027;5724;
2012;4;Sudeste;xx006;Ensino Fundamental 5§ Ano;57564;10747;1279614;-18019;
2012;5;Sul;xx006;Ensino Fundamental 5§ Ano;20717;10906;408882;510;
2012;1;Norte;xx007;Ensino Fundamental 6§ Ano;15953;12943;403487;-22670;
2012;2;Nordeste;xx007;Ensino Fundamental 6§ Ano;45249;12811;1237322;-135634;
2012;3;Centro-Oeste;xx007;Ensino Fundamental 6§ Ano;10263;12384;259272;-24828;
2012;4;Sudeste;xx007;Ensino Fundamental 6§ Ano;50909;11979;1441681;-88774;
2012;5;Sul;xx007;Ensino Fundamental 6§ Ano;18147;12131;428081;-45531;
2012;1;Norte;xx008;Ensino Fundamental 7§ Ano;14482;13766;360258;53077;
2012;2;Nordeste;xx008;Ensino Fundamental 7§ Ano;39847;13645;1071699;205513;
2012;3;Centro-Oeste;xx008;Ensino Fundamental 7§ Ano;9753;13282;252844;15822;
2012;4;Sudeste;xx008;Ensino Fundamental 7§ Ano;48507;12867;1398970;95598;
2012;5;Sul;xx008;Ensino Fundamental 7§ Ano;17434;12895;432083;25091;
2012;1;Norte;xx009;Ensino Fundamental 8§ Ano;12823;14570;310046;55945;
2012;2;Nordeste;xx009;Ensino Fundamental 8§ Ano;35202;14435;922952;184111;
2012;3;Centro-Oeste;xx009;Ensino Fundamental 8§ Ano;9647;14230;251009;19121;
2012;4;Sudeste;xx009;Ensino Fundamental 8§ Ano;47123;13847;1367512;66088;
2012;5;Sul;xx009;Ensino Fundamental 8§ Ano;19342;13741;482695;56552;
2012;1;Norte;xx010;Ensino Fundamental 9§ Ano;11330;15553;275471;24268;
2012;2;Nordeste;xx010;Ensino Fundamental 9§ Ano;32307;15441;837558;94294;
2012;3;Centro-Oeste;xx010;Ensino Fundamental 9§ Ano;9097;15126;237878;13038;
2012;4;Sudeste;xx010;Ensino Fundamental 9§ Ano;44149;14793;1277472;77348;
2012;5;Sul;xx010;Ensino Fundamental 9§ Ano;18354;14770;438178;30269;
2012;1;Norte;xx011;Ensino M‚dio - 1¦ S‚rie;9635;17732;309563;-41052;
2012;2;Nordeste;xx011;Ensino M‚dio - 1¦ S‚rie;25897;17521;898129;-51395;
2012;3;Centro-Oeste;xx011;Ensino M‚dio - 1¦ S‚rie;8378;16663;259684;-26747;
2012;4;Sudeste;xx011;Ensino M‚dio - 1¦ S‚rie;40758;16173;1372844;-82991;
2012;5;Sul;xx011;Ensino M‚dio - 1¦ S‚rie;15262;16230;449094;-22019;
2012;1;Norte;xx012;Ensino M‚dio - 2¦ S‚rie;7829;18660;235933;65848;
2012;2;Nordeste;xx012;Ensino M‚dio - 2¦ S‚rie;21054;18272;694073;218727;
2012;3;Centro-Oeste;xx012;Ensino M‚dio - 2¦ S‚rie;6476;17414;189347;70210;
2012;4;Sudeste;xx012;Ensino M‚dio - 2¦ S‚rie;33740;17058;1075162;319183;
2012;5;Sul;xx012;Ensino M‚dio - 2¦ S‚rie;12440;16993;334978;115185;
2012;1;Norte;xx013;Ensino M‚dio - 3¦ S‚rie;6778;19909;204825;29057;
2012;2;Nordeste;xx013;Ensino M‚dio - 3¦ S‚rie;18989;19457;612120;104949;
2012;3;Centro-Oeste;xx013;Ensino M‚dio - 3¦ S‚rie;5503;18522;159684;30214;
2012;4;Sudeste;xx013;Ensino M‚dio - 3¦ S‚rie;29007;18027;907359;178938;
2012;5;Sul;xx013;Ensino M‚dio - 3¦ S‚rie;10633;17980;281091;54600;
2012;1;Norte;xx014;Ensino M‚dio - 4¦ S‚rie;7;20204;108;198306;
2012;2;Nordeste;xx014;Ensino M‚dio - 4¦ S‚rie;528;23153;12996;626299;
2012;3;Centro-Oeste;xx014;Ensino M‚dio - 4¦ S‚rie;60;32103;1634;154616;
2012;4;Sudeste;xx014;Ensino M‚dio - 4¦ S‚rie;750;27251;21619;869849;
2012;5;Sul;xx014;Ensino M‚dio - 4¦ S‚rie;448;22921;8334;268148;
2013;1;Norte;xx003;Ensino Fundamental 2§ Ano;26449;8110;358689;-42578;
2013;2;Nordeste;xx003;Ensino Fundamental 2§ Ano;67912;7940;904187;-58541;
2013;3;Centro-Oeste;xx003;Ensino Fundamental 2§ Ano;12170;7780;237893;-19014;
2013;4;Sudeste;xx003;Ensino Fundamental 2§ Ano;56325;7750;1128214;-27297;
2013;5;Sul;xx003;Ensino Fundamental 2§ Ano;21601;7630;396935;-18390;
2013;1;Norte;xx004;Ensino Fundamental 3§ Ano;27796;9410;408582;-33368;
2013;2;Nordeste;xx004;Ensino Fundamental 3§ Ano;72438;9250;1068740;-113029;
2013;3;Centro-Oeste;xx004;Ensino Fundamental 3§ Ano;12412;8900;252859;-9730;
2013;4;Sudeste;xx004;Ensino Fundamental 3§ Ano;57788;8810;1207865;-61856;
2013;5;Sul;xx004;Ensino Fundamental 3§ Ano;22606;8810;438418;-21789;
2013;1;Norte;xx005;Ensino Fundamental 4§ Ano;26635;10630;390205;25854;
2013;2;Nordeste;xx005;Ensino Fundamental 4§ Ano;68957;10380;1025018;68326;
2013;3;Centro-Oeste;xx005;Ensino Fundamental 4§ Ano;11939;10000;254200;6403;
2013;4;Sudeste;xx005;Ensino Fundamental 4§ Ano;55788;9810;1184870;40907;
2013;5;Sul;xx005;Ensino Fundamental 4§ Ano;21767;9870;423902;18898;
2013;1;Norte;xx006;Ensino Fundamental 5§ Ano;24875;11740;376282;14214;
2013;2;Nordeste;xx006;Ensino Fundamental 5§ Ano;64799;11460;1017685;22071;
2013;3;Centro-Oeste;xx006;Ensino Fundamental 5§ Ano;11264;11020;242798;6667;
2013;4;Sudeste;xx006;Ensino Fundamental 5§ Ano;52125;10800;1111010;-9063;
2013;5;Sul;xx006;Ensino Fundamental 5§ Ano;20935;10930;416262;3244;
2013;1;Norte;xx007;Ensino Fundamental 6§ Ano;15909;12910;392629;-15332;
2013;2;Nordeste;xx007;Ensino Fundamental 6§ Ano;44124;12760;1187439;-114772;
2013;3;Centro-Oeste;xx007;Ensino Fundamental 6§ Ano;10377;12220;259972;-18945;
2013;4;Sudeste;xx007;Ensino Fundamental 6§ Ano;48490;11910;1355289;-75675;
2013;5;Sul;xx007;Ensino Fundamental 6§ Ano;19121;12140;453303;-44421;
2013;1;Norte;xx008;Ensino Fundamental 7§ Ano;14607;13740;352639;50848;
2013;2;Nordeste;xx008;Ensino Fundamental 7§ Ano;39308;13600;1041868;195454;
2013;3;Centro-Oeste;xx008;Ensino Fundamental 7§ Ano;9584;13220;242826;16446;
2013;4;Sudeste;xx008;Ensino Fundamental 7§ Ano;47933;12890;1362436;79245;
2013;5;Sul;xx008;Ensino Fundamental 7§ Ano;17404;13110;406401;21680;
2013;1;Norte;xx009;Ensino Fundamental 8§ Ano;12935;14540;305025;55233;
2013;2;Nordeste;xx009;Ensino Fundamental 8§ Ano;35040;14400;900918;170781;
2013;3;Centro-Oeste;xx009;Ensino Fundamental 8§ Ano;9130;14100;231549;21295;
2013;4;Sudeste;xx009;Ensino Fundamental 8§ Ano;46597;13830;1335135;63835;
2013;5;Sul;xx009;Ensino Fundamental 8§ Ano;16148;13810;391337;40746;
2013;1;Norte;xx010;Ensino Fundamental 9§ Ano;11733;15450;280709;29337;
2013;2;Nordeste;xx010;Ensino Fundamental 9§ Ano;32541;15320;832306;90646;
2013;3;Centro-Oeste;xx010;Ensino Fundamental 9§ Ano;9024;14990;234745;16264;
2013;4;Sudeste;xx010;Ensino Fundamental 9§ Ano;45285;14770;1297985;69527;
2013;5;Sul;xx010;Ensino Fundamental 9§ Ano;18013;14660;439745;42950;
2013;1;Norte;xx011;Ensino M‚dio - 1¦ S‚rie;9827;17540;311622;-36151;
2013;2;Nordeste;xx011;Ensino M‚dio - 1¦ S‚rie;25112;17170;864049;-26491;
2013;3;Centro-Oeste;xx011;Ensino M‚dio - 1¦ S‚rie;8323;16540;258589;-20711;
2013;4;Sudeste;xx011;Ensino M‚dio - 1¦ S‚rie;40247;16040;1339676;-62204;
2013;5;Sul;xx011;Ensino M‚dio - 1¦ S‚rie;15497;16190;450006;-11828;
2013;1;Norte;xx012;Ensino M‚dio - 2¦ S‚rie;7995;18480;240195;69368;
2013;2;Nordeste;xx012;Ensino M‚dio - 2¦ S‚rie;21190;18040;683234;214895;
2013;3;Centro-Oeste;xx012;Ensino M‚dio - 2¦ S‚rie;6406;17340;185382;74302;
2013;4;Sudeste;xx012;Ensino M‚dio - 2¦ S‚rie;34146;16950;1075344;297500;
2013;5;Sul;xx012;Ensino M‚dio - 2¦ S‚rie;12553;16960;340285;108809;
2013;1;Norte;xx013;Ensino M‚dio - 3¦ S‚rie;6913;19700;202254;33679;
2013;2;Nordeste;xx013;Ensino M‚dio - 3¦ S‚rie;19049;19300;601767;92306;
2013;3;Centro-Oeste;xx013;Ensino M‚dio - 3¦ S‚rie;5580;18360;160206;29141;
2013;4;Sudeste;xx013;Ensino M‚dio - 3¦ S‚rie;29007;17920;899417;175745;
2013;5;Sul;xx013;Ensino M‚dio - 3¦ S‚rie;10726;17940;280015;54963;
2013;1;Norte;xx014;Ensino M‚dio - 4¦ S‚rie;3;19170;69;204756;
2013;2;Nordeste;xx014;Ensino M‚dio - 4¦ S‚rie;472;23070;10833;601287;
2013;3;Centro-Oeste;xx014;Ensino M‚dio - 4¦ S‚rie;47;32080;1364;158320;
2013;4;Sudeste;xx014;Ensino M‚dio - 4¦ S‚rie;582;30460;18141;889218;
2013;5;Sul;xx014;Ensino M‚dio - 4¦ S‚rie;429;22660;8000;273091;
2014;1;Norte;xx003;Ensino Fundamental 2§ Ano;25951;8040;352338;-22037;
2014;2;Nordeste;xx003;Ensino Fundamental 2§ Ano;65039;7870;882334;-32657;
2014;3;Centro-Oeste;xx003;Ensino Fundamental 2§ Ano;11908;7760;232053;-14288;
2014;4;Sudeste;xx003;Ensino Fundamental 2§ Ano;56768;7740;1158115;-13493;
2014;5;Sul;xx003;Ensino Fundamental 2§ Ano;21358;7610;392206;-14401;
2014;1;Norte;xx004;Ensino Fundamental 3§ Ano;27196;9350;399320;-40631;
2014;2;Nordeste;xx004;Ensino Fundamental 3§ Ano;69034;9210;1033894;-129707;
2014;3;Centro-Oeste;xx004;Ensino Fundamental 3§ Ano;12270;8880;248286;-10393;
2014;4;Sudeste;xx004;Ensino Fundamental 3§ Ano;56782;8850;1185451;-57237;
2014;5;Sul;xx004;Ensino Fundamental 3§ Ano;22148;8790;427754;-30819;
2014;1;Norte;xx005;Ensino Fundamental 4§ Ano;26261;10570;392377;16205;
2014;2;Nordeste;xx005;Ensino Fundamental 4§ Ano;66322;10330;1012180;56560;
2014;3;Centro-Oeste;xx005;Ensino Fundamental 4§ Ano;11705;9950;247599;5260;
2014;4;Sudeste;xx005;Ensino Fundamental 4§ Ano;54797;9840;1169193;38672;
2014;5;Sul;xx005;Ensino Fundamental 4§ Ano;21433;9860;417482;20936;
2014;1;Norte;xx006;Ensino Fundamental 5§ Ano;24900;11700;379518;10687;
2014;2;Nordeste;xx006;Ensino Fundamental 5§ Ano;62777;11420;1005006;20012;
2014;3;Centro-Oeste;xx006;Ensino Fundamental 5§ Ano;11444;10990;249513;4687;
2014;4;Sudeste;xx006;Ensino Fundamental 5§ Ano;53663;10830;1178392;6478;
2014;5;Sul;xx006;Ensino Fundamental 5§ Ano;21005;10910;422870;1032;
2014;1;Norte;xx007;Ensino Fundamental 6§ Ano;15963;12880;387725;-11443;
2014;2;Nordeste;xx007;Ensino Fundamental 6§ Ano;42242;12730;1126509;-108824;
2014;3;Centro-Oeste;xx007;Ensino Fundamental 6§ Ano;10362;12190;260750;-17952;
2014;4;Sudeste;xx007;Ensino Fundamental 6§ Ano;43485;11950;1176807;-65797;
2014;5;Sul;xx007;Ensino Fundamental 6§ Ano;19271;12140;455921;-39659;
2014;1;Norte;xx008;Ensino Fundamental 7§ Ano;14191;13700;341997;50632;
2014;2;Nordeste;xx008;Ensino Fundamental 7§ Ano;38695;13570;1014699;172740;
2014;3;Centro-Oeste;xx008;Ensino Fundamental 7§ Ano;9616;13140;245607;14365;
2014;4;Sudeste;xx008;Ensino Fundamental 7§ Ano;46455;12870;1304593;50696;
2014;5;Sul;xx008;Ensino Fundamental 7§ Ano;18238;13110;430400;22903;
2014;1;Norte;xx009;Ensino Fundamental 8§ Ano;12907;14510;296900;55739;
2014;2;Nordeste;xx009;Ensino Fundamental 8§ Ano;34750;14400;885879;155989;
2014;3;Centro-Oeste;xx009;Ensino Fundamental 8§ Ano;9006;14090;226444;16382;
2014;4;Sudeste;xx009;Ensino Fundamental 8§ Ano;45365;13820;1286837;75599;
2014;5;Sul;xx009;Ensino Fundamental 8§ Ano;16022;14010;367717;38684;
2014;1;Norte;xx010;Ensino Fundamental 9§ Ano;12050;15460;280808;24217;
2014;2;Nordeste;xx010;Ensino Fundamental 9§ Ano;31862;15290;809018;91900;
2014;3;Centro-Oeste;xx010;Ensino Fundamental 9§ Ano;8722;15020;221251;10298;
2014;4;Sudeste;xx010;Ensino Fundamental 9§ Ano;44878;14770;1280517;54618;
2014;5;Sul;xx010;Ensino Fundamental 9§ Ano;15210;14730;359705;31632;
2014;1;Norte;xx011;Ensino M‚dio - 1¦ S‚rie;10009;17400;315582;-34873;
2014;2;Nordeste;xx011;Ensino M‚dio - 1¦ S‚rie;25422;17050;852816;-20510;
2014;3;Centro-Oeste;xx011;Ensino M‚dio - 1¦ S‚rie;8362;16460;257756;-23011;
2014;4;Sudeste;xx011;Ensino M‚dio - 1¦ S‚rie;40235;15960;1336447;-38462;
2014;5;Sul;xx011;Ensino M‚dio - 1¦ S‚rie;15550;16080;455549;-15804;
2014;1;Norte;xx012;Ensino M‚dio - 2¦ S‚rie;8192;18360;241411;70211;
2014;2;Nordeste;xx012;Ensino M‚dio - 2¦ S‚rie;21211;17920;668989;195060;
2014;3;Centro-Oeste;xx012;Ensino M‚dio - 2¦ S‚rie;6494;17250;188208;70381;
2014;4;Sudeste;xx012;Ensino M‚dio - 2¦ S‚rie;33981;16880;1069491;270185;
2014;5;Sul;xx012;Ensino M‚dio - 2¦ S‚rie;12637;16940;337283;112723;
2014;1;Norte;xx013;Ensino M‚dio - 3¦ S‚rie;7065;19530;207431;32764;
2014;2;Nordeste;xx013;Ensino M‚dio - 3¦ S‚rie;18783;19040;580914;102320;
2014;3;Centro-Oeste;xx013;Ensino M‚dio - 3¦ S‚rie;5562;18320;156710;28672;
2014;4;Sudeste;xx013;Ensino M‚dio - 3¦ S‚rie;29490;17830;913489;161855;
2014;5;Sul;xx013;Ensino M‚dio - 3¦ S‚rie;10925;17900;287643;52642;
2014;1;Norte;xx014;Ensino M‚dio - 4¦ S‚rie;6;26710;116;202138;
2014;2;Nordeste;xx014;Ensino M‚dio - 4¦ S‚rie;408;23910;9476;592291;
2014;3;Centro-Oeste;xx014;Ensino M‚dio - 4¦ S‚rie;33;31590;869;159337;
2014;4;Sudeste;xx014;Ensino M‚dio - 4¦ S‚rie;490;31150;15079;884338;
2014;5;Sul;xx014;Ensino M‚dio - 4¦ S‚rie;413;23200;7422;272593;
;;;;;;;;;
;;;;;;;;;
;;;;;;;;;
;;;;;;;;;
;;;;;;;;;
;;;;;;;;;
;;;;;;;;;
;;;;;;;;;
;;;;;;;;;
;;;;;;;;;
